index,old_index,model,decision_rule,use_pseudo_rewards,pr_weight,actor,term,selector,learner,strategy_space_type,stochastic_updating,subjective_cost,vicarious_learning,termination_value_known,montecarlo_updates,is_null,is_gaussian,bandit_prior,prior,habitual_features,learn_from_path
480,1835,reinforce,,TRUE,TRUE,,TRUE,,,,,TRUE,FALSE,TRUE,FALSE,FALSE,,,strategy_weight,habitual,TRUE
481,1839,reinforce,,TRUE,TRUE,,TRUE,,,,,TRUE,FALSE,FALSE,FALSE,FALSE,,,strategy_weight,habitual,TRUE
482,1851,reinforce,,TRUE,TRUE,,TRUE,,,,,FALSE,FALSE,TRUE,FALSE,FALSE,,,strategy_weight,habitual,TRUE
483,1855,reinforce,,TRUE,TRUE,,TRUE,,,,,FALSE,FALSE,FALSE,FALSE,FALSE,,,strategy_weight,habitual,TRUE
484,1867,reinforce,,TRUE,FALSE,,TRUE,,,,,TRUE,FALSE,TRUE,FALSE,FALSE,,,strategy_weight,habitual,TRUE
485,1871,reinforce,,TRUE,FALSE,,TRUE,,,,,TRUE,FALSE,FALSE,FALSE,FALSE,,,strategy_weight,habitual,TRUE
486,1883,reinforce,,TRUE,FALSE,,TRUE,,,,,FALSE,FALSE,TRUE,FALSE,FALSE,,,strategy_weight,habitual,TRUE
487,1887,reinforce,,TRUE,FALSE,,TRUE,,,,,FALSE,FALSE,FALSE,FALSE,FALSE,,,strategy_weight,habitual,TRUE
488,1899,reinforce,,FALSE,FALSE,,TRUE,,,,,TRUE,FALSE,TRUE,FALSE,FALSE,,,strategy_weight,habitual,TRUE
489,1903,reinforce,,FALSE,FALSE,,TRUE,,,,,TRUE,FALSE,FALSE,FALSE,FALSE,,,strategy_weight,habitual,TRUE
490,1915,reinforce,,FALSE,FALSE,,TRUE,,,,,FALSE,FALSE,TRUE,FALSE,FALSE,,,strategy_weight,habitual,TRUE
491,1919,reinforce,,FALSE,FALSE,,TRUE,,,,,FALSE,FALSE,FALSE,FALSE,FALSE,,,strategy_weight,habitual,TRUE
1297,5051,reinforce,,TRUE,TRUE,,TRUE,,,,,TRUE,FALSE,TRUE,FALSE,FALSE,,,strategy_weight,non_habitual,TRUE
1298,5055,reinforce,,TRUE,TRUE,,TRUE,,,,,TRUE,FALSE,FALSE,FALSE,FALSE,,,strategy_weight,non_habitual,TRUE
1299,5067,reinforce,,TRUE,TRUE,,TRUE,,,,,FALSE,FALSE,TRUE,FALSE,FALSE,,,strategy_weight,non_habitual,TRUE
1300,5071,reinforce,,TRUE,TRUE,,TRUE,,,,,FALSE,FALSE,FALSE,FALSE,FALSE,,,strategy_weight,non_habitual,TRUE
1301,5083,reinforce,,TRUE,FALSE,,TRUE,,,,,TRUE,FALSE,TRUE,FALSE,FALSE,,,strategy_weight,non_habitual,TRUE
1302,5087,reinforce,,TRUE,FALSE,,TRUE,,,,,TRUE,FALSE,FALSE,FALSE,FALSE,,,strategy_weight,non_habitual,TRUE
1303,5099,reinforce,,TRUE,FALSE,,TRUE,,,,,FALSE,FALSE,TRUE,FALSE,FALSE,,,strategy_weight,non_habitual,TRUE
1304,5103,reinforce,,TRUE,FALSE,,TRUE,,,,,FALSE,FALSE,FALSE,FALSE,FALSE,,,strategy_weight,non_habitual,TRUE
1305,5115,reinforce,,FALSE,FALSE,,TRUE,,,,,TRUE,FALSE,TRUE,FALSE,FALSE,,,strategy_weight,non_habitual,TRUE
1306,5119,reinforce,,FALSE,FALSE,,TRUE,,,,,TRUE,FALSE,FALSE,FALSE,FALSE,,,strategy_weight,non_habitual,TRUE
1307,5131,reinforce,,FALSE,FALSE,,TRUE,,,,,FALSE,FALSE,TRUE,FALSE,FALSE,,,strategy_weight,non_habitual,TRUE
1308,5135,reinforce,,FALSE,FALSE,,TRUE,,,,,FALSE,FALSE,FALSE,FALSE,FALSE,,,strategy_weight,non_habitual,TRUE
1743,6718,reinforce,,FALSE,FALSE,,TRUE,,,,,FALSE,FALSE,FALSE,FALSE,TRUE,,,strategy_weight,habitual,FALSE
1756,6814,reinforce,,FALSE,FALSE,,TRUE,,,,,FALSE,FALSE,FALSE,FALSE,TRUE,,,strategy_weight,non_habitual,FALSE
437,1739,lvoc,,TRUE,TRUE,,TRUE,,,,,TRUE,FALSE,TRUE,FALSE,FALSE,,,strategy_weight,habitual,TRUE
439,1743,lvoc,,TRUE,TRUE,,TRUE,,,,,TRUE,FALSE,FALSE,FALSE,FALSE,,,strategy_weight,habitual,TRUE
445,1755,lvoc,,TRUE,TRUE,,TRUE,,,,,FALSE,FALSE,TRUE,FALSE,FALSE,,,strategy_weight,habitual,TRUE
447,1759,lvoc,,TRUE,TRUE,,TRUE,,,,,FALSE,FALSE,FALSE,FALSE,FALSE,,,strategy_weight,habitual,TRUE
453,1771,lvoc,,TRUE,FALSE,,TRUE,,,,,TRUE,FALSE,TRUE,FALSE,FALSE,,,strategy_weight,habitual,TRUE
455,1775,lvoc,,TRUE,FALSE,,TRUE,,,,,TRUE,FALSE,FALSE,FALSE,FALSE,,,strategy_weight,habitual,TRUE
461,1787,lvoc,,TRUE,FALSE,,TRUE,,,,,FALSE,FALSE,TRUE,FALSE,FALSE,,,strategy_weight,habitual,TRUE
463,1791,lvoc,,TRUE,FALSE,,TRUE,,,,,FALSE,FALSE,FALSE,FALSE,FALSE,,,strategy_weight,habitual,TRUE
469,1803,lvoc,,FALSE,FALSE,,TRUE,,,,,TRUE,FALSE,TRUE,FALSE,FALSE,,,strategy_weight,habitual,TRUE
471,1807,lvoc,,FALSE,FALSE,,TRUE,,,,,TRUE,FALSE,FALSE,FALSE,FALSE,,,strategy_weight,habitual,TRUE
477,1819,lvoc,,FALSE,FALSE,,TRUE,,,,,FALSE,FALSE,TRUE,FALSE,FALSE,,,strategy_weight,habitual,TRUE
479,1823,lvoc,,FALSE,FALSE,,TRUE,,,,,FALSE,FALSE,FALSE,FALSE,FALSE,,,strategy_weight,habitual,TRUE
1254,4955,lvoc,,TRUE,TRUE,,TRUE,,,,,TRUE,FALSE,TRUE,FALSE,FALSE,,,strategy_weight,non_habitual,TRUE
1256,4959,lvoc,,TRUE,TRUE,,TRUE,,,,,TRUE,FALSE,FALSE,FALSE,FALSE,,,strategy_weight,non_habitual,TRUE
1262,4971,lvoc,,TRUE,TRUE,,TRUE,,,,,FALSE,FALSE,TRUE,FALSE,FALSE,,,strategy_weight,non_habitual,TRUE
1264,4975,lvoc,,TRUE,TRUE,,TRUE,,,,,FALSE,FALSE,FALSE,FALSE,FALSE,,,strategy_weight,non_habitual,TRUE
1270,4987,lvoc,,TRUE,FALSE,,TRUE,,,,,TRUE,FALSE,TRUE,FALSE,FALSE,,,strategy_weight,non_habitual,TRUE
1272,4991,lvoc,,TRUE,FALSE,,TRUE,,,,,TRUE,FALSE,FALSE,FALSE,FALSE,,,strategy_weight,non_habitual,TRUE
1278,5003,lvoc,,TRUE,FALSE,,TRUE,,,,,FALSE,FALSE,TRUE,FALSE,FALSE,,,strategy_weight,non_habitual,TRUE
1280,5007,lvoc,,TRUE,FALSE,,TRUE,,,,,FALSE,FALSE,FALSE,FALSE,FALSE,,,strategy_weight,non_habitual,TRUE
1286,5019,lvoc,,FALSE,FALSE,,TRUE,,,,,TRUE,FALSE,TRUE,FALSE,FALSE,,,strategy_weight,non_habitual,TRUE
1288,5023,lvoc,,FALSE,FALSE,,TRUE,,,,,TRUE,FALSE,FALSE,FALSE,FALSE,,,strategy_weight,non_habitual,TRUE
1294,5035,lvoc,,FALSE,FALSE,,TRUE,,,,,FALSE,FALSE,TRUE,FALSE,FALSE,,,strategy_weight,non_habitual,TRUE
1296,5039,lvoc,,FALSE,FALSE,,TRUE,,,,,FALSE,FALSE,FALSE,FALSE,FALSE,,,strategy_weight,non_habitual,TRUE
524,2058,rssl,,FALSE,FALSE,,,,,participant,TRUE,,,,,FALSE,TRUE,,gaussian_prior,habitual,
525,2059,rssl,,FALSE,FALSE,,,,,participant,TRUE,,,,,FALSE,FALSE,,bernoulli_prior,habitual,
526,2061,rssl,,FALSE,FALSE,,,,,participant,FALSE,,,,,TRUE,FALSE,,bernoulli_prior,habitual,
527,2062,rssl,,FALSE,FALSE,,,,,participant,FALSE,,,,,FALSE,TRUE,,gaussian_prior,habitual,
528,2063,rssl,,FALSE,FALSE,,,,,participant,FALSE,,,,,FALSE,FALSE,,bernoulli_prior,habitual,
1341,5274,rssl,,FALSE,FALSE,,,,,participant,TRUE,,,,,FALSE,TRUE,,gaussian_prior,non_habitual,
1342,5275,rssl,,FALSE,FALSE,,,,,participant,TRUE,,,,,FALSE,FALSE,,bernoulli_prior,non_habitual,
1343,5277,rssl,,FALSE,FALSE,,,,,participant,FALSE,,,,,TRUE,FALSE,,bernoulli_prior,non_habitual,
1344,5278,rssl,,FALSE,FALSE,,,,,participant,FALSE,,,,,FALSE,TRUE,,gaussian_prior,non_habitual,
1345,5279,rssl,,FALSE,FALSE,,,,,participant,FALSE,,,,,FALSE,FALSE,,bernoulli_prior,non_habitual,
5,11,hierarchical_learner,adaptive_satisficing,TRUE,TRUE,lvoc,TRUE,,,,,TRUE,FALSE,TRUE,FALSE,FALSE,,,strategy_weight,habitual,TRUE
7,15,hierarchical_learner,adaptive_satisficing,TRUE,TRUE,lvoc,TRUE,,,,,TRUE,FALSE,FALSE,FALSE,FALSE,,,strategy_weight,habitual,TRUE
13,27,hierarchical_learner,adaptive_satisficing,TRUE,TRUE,lvoc,TRUE,,,,,FALSE,FALSE,TRUE,FALSE,FALSE,,,strategy_weight,habitual,TRUE
15,31,hierarchical_learner,adaptive_satisficing,TRUE,TRUE,lvoc,TRUE,,,,,FALSE,FALSE,FALSE,FALSE,FALSE,,,strategy_weight,habitual,TRUE
21,43,hierarchical_learner,adaptive_satisficing,TRUE,TRUE,lvoc,FALSE,,,,,TRUE,FALSE,TRUE,FALSE,FALSE,,,strategy_weight,habitual,TRUE
23,47,hierarchical_learner,adaptive_satisficing,TRUE,TRUE,lvoc,FALSE,,,,,TRUE,FALSE,FALSE,FALSE,FALSE,,,strategy_weight,habitual,TRUE
29,59,hierarchical_learner,adaptive_satisficing,TRUE,TRUE,lvoc,FALSE,,,,,FALSE,FALSE,TRUE,FALSE,FALSE,,,strategy_weight,habitual,TRUE
31,63,hierarchical_learner,adaptive_satisficing,TRUE,TRUE,lvoc,FALSE,,,,,FALSE,FALSE,FALSE,FALSE,FALSE,,,strategy_weight,habitual,TRUE
32,75,hierarchical_learner,adaptive_satisficing,TRUE,TRUE,reinforce,TRUE,,,,,TRUE,FALSE,TRUE,FALSE,FALSE,,,strategy_weight,habitual,TRUE
33,79,hierarchical_learner,adaptive_satisficing,TRUE,TRUE,reinforce,TRUE,,,,,TRUE,FALSE,FALSE,FALSE,FALSE,,,strategy_weight,habitual,TRUE
34,91,hierarchical_learner,adaptive_satisficing,TRUE,TRUE,reinforce,TRUE,,,,,FALSE,FALSE,TRUE,FALSE,FALSE,,,strategy_weight,habitual,TRUE
35,95,hierarchical_learner,adaptive_satisficing,TRUE,TRUE,reinforce,TRUE,,,,,FALSE,FALSE,FALSE,FALSE,FALSE,,,strategy_weight,habitual,TRUE
36,107,hierarchical_learner,adaptive_satisficing,TRUE,TRUE,reinforce,FALSE,,,,,TRUE,FALSE,TRUE,FALSE,FALSE,,,strategy_weight,habitual,TRUE
37,111,hierarchical_learner,adaptive_satisficing,TRUE,TRUE,reinforce,FALSE,,,,,TRUE,FALSE,FALSE,FALSE,FALSE,,,strategy_weight,habitual,TRUE
38,123,hierarchical_learner,adaptive_satisficing,TRUE,TRUE,reinforce,FALSE,,,,,FALSE,FALSE,TRUE,FALSE,FALSE,,,strategy_weight,habitual,TRUE
39,127,hierarchical_learner,adaptive_satisficing,TRUE,TRUE,reinforce,FALSE,,,,,FALSE,FALSE,FALSE,FALSE,FALSE,,,strategy_weight,habitual,TRUE
53,203,hierarchical_learner,adaptive_satisficing,TRUE,FALSE,lvoc,TRUE,,,,,TRUE,FALSE,TRUE,FALSE,FALSE,,,strategy_weight,habitual,TRUE
55,207,hierarchical_learner,adaptive_satisficing,TRUE,FALSE,lvoc,TRUE,,,,,TRUE,FALSE,FALSE,FALSE,FALSE,,,strategy_weight,habitual,TRUE
61,219,hierarchical_learner,adaptive_satisficing,TRUE,FALSE,lvoc,TRUE,,,,,FALSE,FALSE,TRUE,FALSE,FALSE,,,strategy_weight,habitual,TRUE
63,223,hierarchical_learner,adaptive_satisficing,TRUE,FALSE,lvoc,TRUE,,,,,FALSE,FALSE,FALSE,FALSE,FALSE,,,strategy_weight,habitual,TRUE
69,235,hierarchical_learner,adaptive_satisficing,TRUE,FALSE,lvoc,FALSE,,,,,TRUE,FALSE,TRUE,FALSE,FALSE,,,strategy_weight,habitual,TRUE
71,239,hierarchical_learner,adaptive_satisficing,TRUE,FALSE,lvoc,FALSE,,,,,TRUE,FALSE,FALSE,FALSE,FALSE,,,strategy_weight,habitual,TRUE
77,251,hierarchical_learner,adaptive_satisficing,TRUE,FALSE,lvoc,FALSE,,,,,FALSE,FALSE,TRUE,FALSE,FALSE,,,strategy_weight,habitual,TRUE
79,255,hierarchical_learner,adaptive_satisficing,TRUE,FALSE,lvoc,FALSE,,,,,FALSE,FALSE,FALSE,FALSE,FALSE,,,strategy_weight,habitual,TRUE
80,267,hierarchical_learner,adaptive_satisficing,TRUE,FALSE,reinforce,TRUE,,,,,TRUE,FALSE,TRUE,FALSE,FALSE,,,strategy_weight,habitual,TRUE
81,271,hierarchical_learner,adaptive_satisficing,TRUE,FALSE,reinforce,TRUE,,,,,TRUE,FALSE,FALSE,FALSE,FALSE,,,strategy_weight,habitual,TRUE
82,283,hierarchical_learner,adaptive_satisficing,TRUE,FALSE,reinforce,TRUE,,,,,FALSE,FALSE,TRUE,FALSE,FALSE,,,strategy_weight,habitual,TRUE
83,287,hierarchical_learner,adaptive_satisficing,TRUE,FALSE,reinforce,TRUE,,,,,FALSE,FALSE,FALSE,FALSE,FALSE,,,strategy_weight,habitual,TRUE
84,299,hierarchical_learner,adaptive_satisficing,TRUE,FALSE,reinforce,FALSE,,,,,TRUE,FALSE,TRUE,FALSE,FALSE,,,strategy_weight,habitual,TRUE
85,303,hierarchical_learner,adaptive_satisficing,TRUE,FALSE,reinforce,FALSE,,,,,TRUE,FALSE,FALSE,FALSE,FALSE,,,strategy_weight,habitual,TRUE
86,315,hierarchical_learner,adaptive_satisficing,TRUE,FALSE,reinforce,FALSE,,,,,FALSE,FALSE,TRUE,FALSE,FALSE,,,strategy_weight,habitual,TRUE
87,319,hierarchical_learner,adaptive_satisficing,TRUE,FALSE,reinforce,FALSE,,,,,FALSE,FALSE,FALSE,FALSE,FALSE,,,strategy_weight,habitual,TRUE
101,395,hierarchical_learner,adaptive_satisficing,FALSE,FALSE,lvoc,TRUE,,,,,TRUE,FALSE,TRUE,FALSE,FALSE,,,strategy_weight,habitual,TRUE
103,399,hierarchical_learner,adaptive_satisficing,FALSE,FALSE,lvoc,TRUE,,,,,TRUE,FALSE,FALSE,FALSE,FALSE,,,strategy_weight,habitual,TRUE
109,411,hierarchical_learner,adaptive_satisficing,FALSE,FALSE,lvoc,TRUE,,,,,FALSE,FALSE,TRUE,FALSE,FALSE,,,strategy_weight,habitual,TRUE
111,415,hierarchical_learner,adaptive_satisficing,FALSE,FALSE,lvoc,TRUE,,,,,FALSE,FALSE,FALSE,FALSE,FALSE,,,strategy_weight,habitual,TRUE
117,427,hierarchical_learner,adaptive_satisficing,FALSE,FALSE,lvoc,FALSE,,,,,TRUE,FALSE,TRUE,FALSE,FALSE,,,strategy_weight,habitual,TRUE
119,431,hierarchical_learner,adaptive_satisficing,FALSE,FALSE,lvoc,FALSE,,,,,TRUE,FALSE,FALSE,FALSE,FALSE,,,strategy_weight,habitual,TRUE
125,443,hierarchical_learner,adaptive_satisficing,FALSE,FALSE,lvoc,FALSE,,,,,FALSE,FALSE,TRUE,FALSE,FALSE,,,strategy_weight,habitual,TRUE
127,447,hierarchical_learner,adaptive_satisficing,FALSE,FALSE,lvoc,FALSE,,,,,FALSE,FALSE,FALSE,FALSE,FALSE,,,strategy_weight,habitual,TRUE
128,459,hierarchical_learner,adaptive_satisficing,FALSE,FALSE,reinforce,TRUE,,,,,TRUE,FALSE,TRUE,FALSE,FALSE,,,strategy_weight,habitual,TRUE
129,463,hierarchical_learner,adaptive_satisficing,FALSE,FALSE,reinforce,TRUE,,,,,TRUE,FALSE,FALSE,FALSE,FALSE,,,strategy_weight,habitual,TRUE
130,475,hierarchical_learner,adaptive_satisficing,FALSE,FALSE,reinforce,TRUE,,,,,FALSE,FALSE,TRUE,FALSE,FALSE,,,strategy_weight,habitual,TRUE
131,479,hierarchical_learner,adaptive_satisficing,FALSE,FALSE,reinforce,TRUE,,,,,FALSE,FALSE,FALSE,FALSE,FALSE,,,strategy_weight,habitual,TRUE
132,491,hierarchical_learner,adaptive_satisficing,FALSE,FALSE,reinforce,FALSE,,,,,TRUE,FALSE,TRUE,FALSE,FALSE,,,strategy_weight,habitual,TRUE
133,495,hierarchical_learner,adaptive_satisficing,FALSE,FALSE,reinforce,FALSE,,,,,TRUE,FALSE,FALSE,FALSE,FALSE,,,strategy_weight,habitual,TRUE
134,507,hierarchical_learner,adaptive_satisficing,FALSE,FALSE,reinforce,FALSE,,,,,FALSE,FALSE,TRUE,FALSE,FALSE,,,strategy_weight,habitual,TRUE
135,511,hierarchical_learner,adaptive_satisficing,FALSE,FALSE,reinforce,FALSE,,,,,FALSE,FALSE,FALSE,FALSE,FALSE,,,strategy_weight,habitual,TRUE
149,587,hierarchical_learner,threshold,TRUE,TRUE,lvoc,TRUE,,,,,TRUE,FALSE,TRUE,FALSE,FALSE,,,strategy_weight,habitual,TRUE
151,591,hierarchical_learner,threshold,TRUE,TRUE,lvoc,TRUE,,,,,TRUE,FALSE,FALSE,FALSE,FALSE,,,strategy_weight,habitual,TRUE
157,603,hierarchical_learner,threshold,TRUE,TRUE,lvoc,TRUE,,,,,FALSE,FALSE,TRUE,FALSE,FALSE,,,strategy_weight,habitual,TRUE
159,607,hierarchical_learner,threshold,TRUE,TRUE,lvoc,TRUE,,,,,FALSE,FALSE,FALSE,FALSE,FALSE,,,strategy_weight,habitual,TRUE
165,619,hierarchical_learner,threshold,TRUE,TRUE,lvoc,FALSE,,,,,TRUE,FALSE,TRUE,FALSE,FALSE,,,strategy_weight,habitual,TRUE
167,623,hierarchical_learner,threshold,TRUE,TRUE,lvoc,FALSE,,,,,TRUE,FALSE,FALSE,FALSE,FALSE,,,strategy_weight,habitual,TRUE
173,635,hierarchical_learner,threshold,TRUE,TRUE,lvoc,FALSE,,,,,FALSE,FALSE,TRUE,FALSE,FALSE,,,strategy_weight,habitual,TRUE
175,639,hierarchical_learner,threshold,TRUE,TRUE,lvoc,FALSE,,,,,FALSE,FALSE,FALSE,FALSE,FALSE,,,strategy_weight,habitual,TRUE
176,651,hierarchical_learner,threshold,TRUE,TRUE,reinforce,TRUE,,,,,TRUE,FALSE,TRUE,FALSE,FALSE,,,strategy_weight,habitual,TRUE
177,655,hierarchical_learner,threshold,TRUE,TRUE,reinforce,TRUE,,,,,TRUE,FALSE,FALSE,FALSE,FALSE,,,strategy_weight,habitual,TRUE
178,667,hierarchical_learner,threshold,TRUE,TRUE,reinforce,TRUE,,,,,FALSE,FALSE,TRUE,FALSE,FALSE,,,strategy_weight,habitual,TRUE
179,671,hierarchical_learner,threshold,TRUE,TRUE,reinforce,TRUE,,,,,FALSE,FALSE,FALSE,FALSE,FALSE,,,strategy_weight,habitual,TRUE
180,683,hierarchical_learner,threshold,TRUE,TRUE,reinforce,FALSE,,,,,TRUE,FALSE,TRUE,FALSE,FALSE,,,strategy_weight,habitual,TRUE
181,687,hierarchical_learner,threshold,TRUE,TRUE,reinforce,FALSE,,,,,TRUE,FALSE,FALSE,FALSE,FALSE,,,strategy_weight,habitual,TRUE
182,699,hierarchical_learner,threshold,TRUE,TRUE,reinforce,FALSE,,,,,FALSE,FALSE,TRUE,FALSE,FALSE,,,strategy_weight,habitual,TRUE
183,703,hierarchical_learner,threshold,TRUE,TRUE,reinforce,FALSE,,,,,FALSE,FALSE,FALSE,FALSE,FALSE,,,strategy_weight,habitual,TRUE
197,779,hierarchical_learner,threshold,TRUE,FALSE,lvoc,TRUE,,,,,TRUE,FALSE,TRUE,FALSE,FALSE,,,strategy_weight,habitual,TRUE
199,783,hierarchical_learner,threshold,TRUE,FALSE,lvoc,TRUE,,,,,TRUE,FALSE,FALSE,FALSE,FALSE,,,strategy_weight,habitual,TRUE
205,795,hierarchical_learner,threshold,TRUE,FALSE,lvoc,TRUE,,,,,FALSE,FALSE,TRUE,FALSE,FALSE,,,strategy_weight,habitual,TRUE
207,799,hierarchical_learner,threshold,TRUE,FALSE,lvoc,TRUE,,,,,FALSE,FALSE,FALSE,FALSE,FALSE,,,strategy_weight,habitual,TRUE
213,811,hierarchical_learner,threshold,TRUE,FALSE,lvoc,FALSE,,,,,TRUE,FALSE,TRUE,FALSE,FALSE,,,strategy_weight,habitual,TRUE
215,815,hierarchical_learner,threshold,TRUE,FALSE,lvoc,FALSE,,,,,TRUE,FALSE,FALSE,FALSE,FALSE,,,strategy_weight,habitual,TRUE
221,827,hierarchical_learner,threshold,TRUE,FALSE,lvoc,FALSE,,,,,FALSE,FALSE,TRUE,FALSE,FALSE,,,strategy_weight,habitual,TRUE
223,831,hierarchical_learner,threshold,TRUE,FALSE,lvoc,FALSE,,,,,FALSE,FALSE,FALSE,FALSE,FALSE,,,strategy_weight,habitual,TRUE
224,843,hierarchical_learner,threshold,TRUE,FALSE,reinforce,TRUE,,,,,TRUE,FALSE,TRUE,FALSE,FALSE,,,strategy_weight,habitual,TRUE
225,847,hierarchical_learner,threshold,TRUE,FALSE,reinforce,TRUE,,,,,TRUE,FALSE,FALSE,FALSE,FALSE,,,strategy_weight,habitual,TRUE
226,859,hierarchical_learner,threshold,TRUE,FALSE,reinforce,TRUE,,,,,FALSE,FALSE,TRUE,FALSE,FALSE,,,strategy_weight,habitual,TRUE
227,863,hierarchical_learner,threshold,TRUE,FALSE,reinforce,TRUE,,,,,FALSE,FALSE,FALSE,FALSE,FALSE,,,strategy_weight,habitual,TRUE
228,875,hierarchical_learner,threshold,TRUE,FALSE,reinforce,FALSE,,,,,TRUE,FALSE,TRUE,FALSE,FALSE,,,strategy_weight,habitual,TRUE
229,879,hierarchical_learner,threshold,TRUE,FALSE,reinforce,FALSE,,,,,TRUE,FALSE,FALSE,FALSE,FALSE,,,strategy_weight,habitual,TRUE
230,891,hierarchical_learner,threshold,TRUE,FALSE,reinforce,FALSE,,,,,FALSE,FALSE,TRUE,FALSE,FALSE,,,strategy_weight,habitual,TRUE
231,895,hierarchical_learner,threshold,TRUE,FALSE,reinforce,FALSE,,,,,FALSE,FALSE,FALSE,FALSE,FALSE,,,strategy_weight,habitual,TRUE
245,971,hierarchical_learner,threshold,FALSE,FALSE,lvoc,TRUE,,,,,TRUE,FALSE,TRUE,FALSE,FALSE,,,strategy_weight,habitual,TRUE
247,975,hierarchical_learner,threshold,FALSE,FALSE,lvoc,TRUE,,,,,TRUE,FALSE,FALSE,FALSE,FALSE,,,strategy_weight,habitual,TRUE
253,987,hierarchical_learner,threshold,FALSE,FALSE,lvoc,TRUE,,,,,FALSE,FALSE,TRUE,FALSE,FALSE,,,strategy_weight,habitual,TRUE
255,991,hierarchical_learner,threshold,FALSE,FALSE,lvoc,TRUE,,,,,FALSE,FALSE,FALSE,FALSE,FALSE,,,strategy_weight,habitual,TRUE
261,1003,hierarchical_learner,threshold,FALSE,FALSE,lvoc,FALSE,,,,,TRUE,FALSE,TRUE,FALSE,FALSE,,,strategy_weight,habitual,TRUE
263,1007,hierarchical_learner,threshold,FALSE,FALSE,lvoc,FALSE,,,,,TRUE,FALSE,FALSE,FALSE,FALSE,,,strategy_weight,habitual,TRUE
269,1019,hierarchical_learner,threshold,FALSE,FALSE,lvoc,FALSE,,,,,FALSE,FALSE,TRUE,FALSE,FALSE,,,strategy_weight,habitual,TRUE
271,1023,hierarchical_learner,threshold,FALSE,FALSE,lvoc,FALSE,,,,,FALSE,FALSE,FALSE,FALSE,FALSE,,,strategy_weight,habitual,TRUE
272,1035,hierarchical_learner,threshold,FALSE,FALSE,reinforce,TRUE,,,,,TRUE,FALSE,TRUE,FALSE,FALSE,,,strategy_weight,habitual,TRUE
273,1039,hierarchical_learner,threshold,FALSE,FALSE,reinforce,TRUE,,,,,TRUE,FALSE,FALSE,FALSE,FALSE,,,strategy_weight,habitual,TRUE
274,1051,hierarchical_learner,threshold,FALSE,FALSE,reinforce,TRUE,,,,,FALSE,FALSE,TRUE,FALSE,FALSE,,,strategy_weight,habitual,TRUE
275,1055,hierarchical_learner,threshold,FALSE,FALSE,reinforce,TRUE,,,,,FALSE,FALSE,FALSE,FALSE,FALSE,,,strategy_weight,habitual,TRUE
276,1067,hierarchical_learner,threshold,FALSE,FALSE,reinforce,FALSE,,,,,TRUE,FALSE,TRUE,FALSE,FALSE,,,strategy_weight,habitual,TRUE
277,1071,hierarchical_learner,threshold,FALSE,FALSE,reinforce,FALSE,,,,,TRUE,FALSE,FALSE,FALSE,FALSE,,,strategy_weight,habitual,TRUE
278,1083,hierarchical_learner,threshold,FALSE,FALSE,reinforce,FALSE,,,,,FALSE,FALSE,TRUE,FALSE,FALSE,,,strategy_weight,habitual,TRUE
279,1087,hierarchical_learner,threshold,FALSE,FALSE,reinforce,FALSE,,,,,FALSE,FALSE,FALSE,FALSE,FALSE,,,strategy_weight,habitual,TRUE
293,1163,hierarchical_learner,confidence_bound,TRUE,TRUE,lvoc,TRUE,,,,,TRUE,FALSE,TRUE,FALSE,FALSE,,,strategy_weight,habitual,TRUE
295,1167,hierarchical_learner,confidence_bound,TRUE,TRUE,lvoc,TRUE,,,,,TRUE,FALSE,FALSE,FALSE,FALSE,,,strategy_weight,habitual,TRUE
301,1179,hierarchical_learner,confidence_bound,TRUE,TRUE,lvoc,TRUE,,,,,FALSE,FALSE,TRUE,FALSE,FALSE,,,strategy_weight,habitual,TRUE
303,1183,hierarchical_learner,confidence_bound,TRUE,TRUE,lvoc,TRUE,,,,,FALSE,FALSE,FALSE,FALSE,FALSE,,,strategy_weight,habitual,TRUE
309,1195,hierarchical_learner,confidence_bound,TRUE,TRUE,lvoc,FALSE,,,,,TRUE,FALSE,TRUE,FALSE,FALSE,,,strategy_weight,habitual,TRUE
311,1199,hierarchical_learner,confidence_bound,TRUE,TRUE,lvoc,FALSE,,,,,TRUE,FALSE,FALSE,FALSE,FALSE,,,strategy_weight,habitual,TRUE
317,1211,hierarchical_learner,confidence_bound,TRUE,TRUE,lvoc,FALSE,,,,,FALSE,FALSE,TRUE,FALSE,FALSE,,,strategy_weight,habitual,TRUE
319,1215,hierarchical_learner,confidence_bound,TRUE,TRUE,lvoc,FALSE,,,,,FALSE,FALSE,FALSE,FALSE,FALSE,,,strategy_weight,habitual,TRUE
320,1227,hierarchical_learner,confidence_bound,TRUE,TRUE,reinforce,TRUE,,,,,TRUE,FALSE,TRUE,FALSE,FALSE,,,strategy_weight,habitual,TRUE
321,1231,hierarchical_learner,confidence_bound,TRUE,TRUE,reinforce,TRUE,,,,,TRUE,FALSE,FALSE,FALSE,FALSE,,,strategy_weight,habitual,TRUE
322,1243,hierarchical_learner,confidence_bound,TRUE,TRUE,reinforce,TRUE,,,,,FALSE,FALSE,TRUE,FALSE,FALSE,,,strategy_weight,habitual,TRUE
323,1247,hierarchical_learner,confidence_bound,TRUE,TRUE,reinforce,TRUE,,,,,FALSE,FALSE,FALSE,FALSE,FALSE,,,strategy_weight,habitual,TRUE
324,1259,hierarchical_learner,confidence_bound,TRUE,TRUE,reinforce,FALSE,,,,,TRUE,FALSE,TRUE,FALSE,FALSE,,,strategy_weight,habitual,TRUE
325,1263,hierarchical_learner,confidence_bound,TRUE,TRUE,reinforce,FALSE,,,,,TRUE,FALSE,FALSE,FALSE,FALSE,,,strategy_weight,habitual,TRUE
326,1275,hierarchical_learner,confidence_bound,TRUE,TRUE,reinforce,FALSE,,,,,FALSE,FALSE,TRUE,FALSE,FALSE,,,strategy_weight,habitual,TRUE
327,1279,hierarchical_learner,confidence_bound,TRUE,TRUE,reinforce,FALSE,,,,,FALSE,FALSE,FALSE,FALSE,FALSE,,,strategy_weight,habitual,TRUE
341,1355,hierarchical_learner,confidence_bound,TRUE,FALSE,lvoc,TRUE,,,,,TRUE,FALSE,TRUE,FALSE,FALSE,,,strategy_weight,habitual,TRUE
343,1359,hierarchical_learner,confidence_bound,TRUE,FALSE,lvoc,TRUE,,,,,TRUE,FALSE,FALSE,FALSE,FALSE,,,strategy_weight,habitual,TRUE
349,1371,hierarchical_learner,confidence_bound,TRUE,FALSE,lvoc,TRUE,,,,,FALSE,FALSE,TRUE,FALSE,FALSE,,,strategy_weight,habitual,TRUE
351,1375,hierarchical_learner,confidence_bound,TRUE,FALSE,lvoc,TRUE,,,,,FALSE,FALSE,FALSE,FALSE,FALSE,,,strategy_weight,habitual,TRUE
357,1387,hierarchical_learner,confidence_bound,TRUE,FALSE,lvoc,FALSE,,,,,TRUE,FALSE,TRUE,FALSE,FALSE,,,strategy_weight,habitual,TRUE
359,1391,hierarchical_learner,confidence_bound,TRUE,FALSE,lvoc,FALSE,,,,,TRUE,FALSE,FALSE,FALSE,FALSE,,,strategy_weight,habitual,TRUE
365,1403,hierarchical_learner,confidence_bound,TRUE,FALSE,lvoc,FALSE,,,,,FALSE,FALSE,TRUE,FALSE,FALSE,,,strategy_weight,habitual,TRUE
367,1407,hierarchical_learner,confidence_bound,TRUE,FALSE,lvoc,FALSE,,,,,FALSE,FALSE,FALSE,FALSE,FALSE,,,strategy_weight,habitual,TRUE
368,1419,hierarchical_learner,confidence_bound,TRUE,FALSE,reinforce,TRUE,,,,,TRUE,FALSE,TRUE,FALSE,FALSE,,,strategy_weight,habitual,TRUE
369,1423,hierarchical_learner,confidence_bound,TRUE,FALSE,reinforce,TRUE,,,,,TRUE,FALSE,FALSE,FALSE,FALSE,,,strategy_weight,habitual,TRUE
370,1435,hierarchical_learner,confidence_bound,TRUE,FALSE,reinforce,TRUE,,,,,FALSE,FALSE,TRUE,FALSE,FALSE,,,strategy_weight,habitual,TRUE
371,1439,hierarchical_learner,confidence_bound,TRUE,FALSE,reinforce,TRUE,,,,,FALSE,FALSE,FALSE,FALSE,FALSE,,,strategy_weight,habitual,TRUE
372,1451,hierarchical_learner,confidence_bound,TRUE,FALSE,reinforce,FALSE,,,,,TRUE,FALSE,TRUE,FALSE,FALSE,,,strategy_weight,habitual,TRUE
373,1455,hierarchical_learner,confidence_bound,TRUE,FALSE,reinforce,FALSE,,,,,TRUE,FALSE,FALSE,FALSE,FALSE,,,strategy_weight,habitual,TRUE
374,1467,hierarchical_learner,confidence_bound,TRUE,FALSE,reinforce,FALSE,,,,,FALSE,FALSE,TRUE,FALSE,FALSE,,,strategy_weight,habitual,TRUE
375,1471,hierarchical_learner,confidence_bound,TRUE,FALSE,reinforce,FALSE,,,,,FALSE,FALSE,FALSE,FALSE,FALSE,,,strategy_weight,habitual,TRUE
389,1547,hierarchical_learner,confidence_bound,FALSE,FALSE,lvoc,TRUE,,,,,TRUE,FALSE,TRUE,FALSE,FALSE,,,strategy_weight,habitual,TRUE
391,1551,hierarchical_learner,confidence_bound,FALSE,FALSE,lvoc,TRUE,,,,,TRUE,FALSE,FALSE,FALSE,FALSE,,,strategy_weight,habitual,TRUE
397,1563,hierarchical_learner,confidence_bound,FALSE,FALSE,lvoc,TRUE,,,,,FALSE,FALSE,TRUE,FALSE,FALSE,,,strategy_weight,habitual,TRUE
399,1567,hierarchical_learner,confidence_bound,FALSE,FALSE,lvoc,TRUE,,,,,FALSE,FALSE,FALSE,FALSE,FALSE,,,strategy_weight,habitual,TRUE
405,1579,hierarchical_learner,confidence_bound,FALSE,FALSE,lvoc,FALSE,,,,,TRUE,FALSE,TRUE,FALSE,FALSE,,,strategy_weight,habitual,TRUE
407,1583,hierarchical_learner,confidence_bound,FALSE,FALSE,lvoc,FALSE,,,,,TRUE,FALSE,FALSE,FALSE,FALSE,,,strategy_weight,habitual,TRUE
413,1595,hierarchical_learner,confidence_bound,FALSE,FALSE,lvoc,FALSE,,,,,FALSE,FALSE,TRUE,FALSE,FALSE,,,strategy_weight,habitual,TRUE
415,1599,hierarchical_learner,confidence_bound,FALSE,FALSE,lvoc,FALSE,,,,,FALSE,FALSE,FALSE,FALSE,FALSE,,,strategy_weight,habitual,TRUE
416,1611,hierarchical_learner,confidence_bound,FALSE,FALSE,reinforce,TRUE,,,,,TRUE,FALSE,TRUE,FALSE,FALSE,,,strategy_weight,habitual,TRUE
417,1615,hierarchical_learner,confidence_bound,FALSE,FALSE,reinforce,TRUE,,,,,TRUE,FALSE,FALSE,FALSE,FALSE,,,strategy_weight,habitual,TRUE
418,1627,hierarchical_learner,confidence_bound,FALSE,FALSE,reinforce,TRUE,,,,,FALSE,FALSE,TRUE,FALSE,FALSE,,,strategy_weight,habitual,TRUE
419,1631,hierarchical_learner,confidence_bound,FALSE,FALSE,reinforce,TRUE,,,,,FALSE,FALSE,FALSE,FALSE,FALSE,,,strategy_weight,habitual,TRUE
420,1643,hierarchical_learner,confidence_bound,FALSE,FALSE,reinforce,FALSE,,,,,TRUE,FALSE,TRUE,FALSE,FALSE,,,strategy_weight,habitual,TRUE
421,1647,hierarchical_learner,confidence_bound,FALSE,FALSE,reinforce,FALSE,,,,,TRUE,FALSE,FALSE,FALSE,FALSE,,,strategy_weight,habitual,TRUE
422,1659,hierarchical_learner,confidence_bound,FALSE,FALSE,reinforce,FALSE,,,,,FALSE,FALSE,TRUE,FALSE,FALSE,,,strategy_weight,habitual,TRUE
423,1663,hierarchical_learner,confidence_bound,FALSE,FALSE,reinforce,FALSE,,,,,FALSE,FALSE,FALSE,FALSE,FALSE,,,strategy_weight,habitual,TRUE
822,3227,hierarchical_learner,adaptive_satisficing,TRUE,TRUE,lvoc,TRUE,,,,,TRUE,FALSE,TRUE,FALSE,FALSE,,,strategy_weight,non_habitual,TRUE
824,3231,hierarchical_learner,adaptive_satisficing,TRUE,TRUE,lvoc,TRUE,,,,,TRUE,FALSE,FALSE,FALSE,FALSE,,,strategy_weight,non_habitual,TRUE
830,3243,hierarchical_learner,adaptive_satisficing,TRUE,TRUE,lvoc,TRUE,,,,,FALSE,FALSE,TRUE,FALSE,FALSE,,,strategy_weight,non_habitual,TRUE
832,3247,hierarchical_learner,adaptive_satisficing,TRUE,TRUE,lvoc,TRUE,,,,,FALSE,FALSE,FALSE,FALSE,FALSE,,,strategy_weight,non_habitual,TRUE
838,3259,hierarchical_learner,adaptive_satisficing,TRUE,TRUE,lvoc,FALSE,,,,,TRUE,FALSE,TRUE,FALSE,FALSE,,,strategy_weight,non_habitual,TRUE
840,3263,hierarchical_learner,adaptive_satisficing,TRUE,TRUE,lvoc,FALSE,,,,,TRUE,FALSE,FALSE,FALSE,FALSE,,,strategy_weight,non_habitual,TRUE
846,3275,hierarchical_learner,adaptive_satisficing,TRUE,TRUE,lvoc,FALSE,,,,,FALSE,FALSE,TRUE,FALSE,FALSE,,,strategy_weight,non_habitual,TRUE
848,3279,hierarchical_learner,adaptive_satisficing,TRUE,TRUE,lvoc,FALSE,,,,,FALSE,FALSE,FALSE,FALSE,FALSE,,,strategy_weight,non_habitual,TRUE
849,3291,hierarchical_learner,adaptive_satisficing,TRUE,TRUE,reinforce,TRUE,,,,,TRUE,FALSE,TRUE,FALSE,FALSE,,,strategy_weight,non_habitual,TRUE
850,3295,hierarchical_learner,adaptive_satisficing,TRUE,TRUE,reinforce,TRUE,,,,,TRUE,FALSE,FALSE,FALSE,FALSE,,,strategy_weight,non_habitual,TRUE
851,3307,hierarchical_learner,adaptive_satisficing,TRUE,TRUE,reinforce,TRUE,,,,,FALSE,FALSE,TRUE,FALSE,FALSE,,,strategy_weight,non_habitual,TRUE
852,3311,hierarchical_learner,adaptive_satisficing,TRUE,TRUE,reinforce,TRUE,,,,,FALSE,FALSE,FALSE,FALSE,FALSE,,,strategy_weight,non_habitual,TRUE
853,3323,hierarchical_learner,adaptive_satisficing,TRUE,TRUE,reinforce,FALSE,,,,,TRUE,FALSE,TRUE,FALSE,FALSE,,,strategy_weight,non_habitual,TRUE
854,3327,hierarchical_learner,adaptive_satisficing,TRUE,TRUE,reinforce,FALSE,,,,,TRUE,FALSE,FALSE,FALSE,FALSE,,,strategy_weight,non_habitual,TRUE
855,3339,hierarchical_learner,adaptive_satisficing,TRUE,TRUE,reinforce,FALSE,,,,,FALSE,FALSE,TRUE,FALSE,FALSE,,,strategy_weight,non_habitual,TRUE
856,3343,hierarchical_learner,adaptive_satisficing,TRUE,TRUE,reinforce,FALSE,,,,,FALSE,FALSE,FALSE,FALSE,FALSE,,,strategy_weight,non_habitual,TRUE
870,3419,hierarchical_learner,adaptive_satisficing,TRUE,FALSE,lvoc,TRUE,,,,,TRUE,FALSE,TRUE,FALSE,FALSE,,,strategy_weight,non_habitual,TRUE
872,3423,hierarchical_learner,adaptive_satisficing,TRUE,FALSE,lvoc,TRUE,,,,,TRUE,FALSE,FALSE,FALSE,FALSE,,,strategy_weight,non_habitual,TRUE
878,3435,hierarchical_learner,adaptive_satisficing,TRUE,FALSE,lvoc,TRUE,,,,,FALSE,FALSE,TRUE,FALSE,FALSE,,,strategy_weight,non_habitual,TRUE
880,3439,hierarchical_learner,adaptive_satisficing,TRUE,FALSE,lvoc,TRUE,,,,,FALSE,FALSE,FALSE,FALSE,FALSE,,,strategy_weight,non_habitual,TRUE
886,3451,hierarchical_learner,adaptive_satisficing,TRUE,FALSE,lvoc,FALSE,,,,,TRUE,FALSE,TRUE,FALSE,FALSE,,,strategy_weight,non_habitual,TRUE
888,3455,hierarchical_learner,adaptive_satisficing,TRUE,FALSE,lvoc,FALSE,,,,,TRUE,FALSE,FALSE,FALSE,FALSE,,,strategy_weight,non_habitual,TRUE
894,3467,hierarchical_learner,adaptive_satisficing,TRUE,FALSE,lvoc,FALSE,,,,,FALSE,FALSE,TRUE,FALSE,FALSE,,,strategy_weight,non_habitual,TRUE
896,3471,hierarchical_learner,adaptive_satisficing,TRUE,FALSE,lvoc,FALSE,,,,,FALSE,FALSE,FALSE,FALSE,FALSE,,,strategy_weight,non_habitual,TRUE
897,3483,hierarchical_learner,adaptive_satisficing,TRUE,FALSE,reinforce,TRUE,,,,,TRUE,FALSE,TRUE,FALSE,FALSE,,,strategy_weight,non_habitual,TRUE
898,3487,hierarchical_learner,adaptive_satisficing,TRUE,FALSE,reinforce,TRUE,,,,,TRUE,FALSE,FALSE,FALSE,FALSE,,,strategy_weight,non_habitual,TRUE
899,3499,hierarchical_learner,adaptive_satisficing,TRUE,FALSE,reinforce,TRUE,,,,,FALSE,FALSE,TRUE,FALSE,FALSE,,,strategy_weight,non_habitual,TRUE
900,3503,hierarchical_learner,adaptive_satisficing,TRUE,FALSE,reinforce,TRUE,,,,,FALSE,FALSE,FALSE,FALSE,FALSE,,,strategy_weight,non_habitual,TRUE
901,3515,hierarchical_learner,adaptive_satisficing,TRUE,FALSE,reinforce,FALSE,,,,,TRUE,FALSE,TRUE,FALSE,FALSE,,,strategy_weight,non_habitual,TRUE
902,3519,hierarchical_learner,adaptive_satisficing,TRUE,FALSE,reinforce,FALSE,,,,,TRUE,FALSE,FALSE,FALSE,FALSE,,,strategy_weight,non_habitual,TRUE
903,3531,hierarchical_learner,adaptive_satisficing,TRUE,FALSE,reinforce,FALSE,,,,,FALSE,FALSE,TRUE,FALSE,FALSE,,,strategy_weight,non_habitual,TRUE
904,3535,hierarchical_learner,adaptive_satisficing,TRUE,FALSE,reinforce,FALSE,,,,,FALSE,FALSE,FALSE,FALSE,FALSE,,,strategy_weight,non_habitual,TRUE
918,3611,hierarchical_learner,adaptive_satisficing,FALSE,FALSE,lvoc,TRUE,,,,,TRUE,FALSE,TRUE,FALSE,FALSE,,,strategy_weight,non_habitual,TRUE
920,3615,hierarchical_learner,adaptive_satisficing,FALSE,FALSE,lvoc,TRUE,,,,,TRUE,FALSE,FALSE,FALSE,FALSE,,,strategy_weight,non_habitual,TRUE
926,3627,hierarchical_learner,adaptive_satisficing,FALSE,FALSE,lvoc,TRUE,,,,,FALSE,FALSE,TRUE,FALSE,FALSE,,,strategy_weight,non_habitual,TRUE
928,3631,hierarchical_learner,adaptive_satisficing,FALSE,FALSE,lvoc,TRUE,,,,,FALSE,FALSE,FALSE,FALSE,FALSE,,,strategy_weight,non_habitual,TRUE
934,3643,hierarchical_learner,adaptive_satisficing,FALSE,FALSE,lvoc,FALSE,,,,,TRUE,FALSE,TRUE,FALSE,FALSE,,,strategy_weight,non_habitual,TRUE
936,3647,hierarchical_learner,adaptive_satisficing,FALSE,FALSE,lvoc,FALSE,,,,,TRUE,FALSE,FALSE,FALSE,FALSE,,,strategy_weight,non_habitual,TRUE
942,3659,hierarchical_learner,adaptive_satisficing,FALSE,FALSE,lvoc,FALSE,,,,,FALSE,FALSE,TRUE,FALSE,FALSE,,,strategy_weight,non_habitual,TRUE
944,3663,hierarchical_learner,adaptive_satisficing,FALSE,FALSE,lvoc,FALSE,,,,,FALSE,FALSE,FALSE,FALSE,FALSE,,,strategy_weight,non_habitual,TRUE
945,3675,hierarchical_learner,adaptive_satisficing,FALSE,FALSE,reinforce,TRUE,,,,,TRUE,FALSE,TRUE,FALSE,FALSE,,,strategy_weight,non_habitual,TRUE
946,3679,hierarchical_learner,adaptive_satisficing,FALSE,FALSE,reinforce,TRUE,,,,,TRUE,FALSE,FALSE,FALSE,FALSE,,,strategy_weight,non_habitual,TRUE
947,3691,hierarchical_learner,adaptive_satisficing,FALSE,FALSE,reinforce,TRUE,,,,,FALSE,FALSE,TRUE,FALSE,FALSE,,,strategy_weight,non_habitual,TRUE
948,3695,hierarchical_learner,adaptive_satisficing,FALSE,FALSE,reinforce,TRUE,,,,,FALSE,FALSE,FALSE,FALSE,FALSE,,,strategy_weight,non_habitual,TRUE
949,3707,hierarchical_learner,adaptive_satisficing,FALSE,FALSE,reinforce,FALSE,,,,,TRUE,FALSE,TRUE,FALSE,FALSE,,,strategy_weight,non_habitual,TRUE
950,3711,hierarchical_learner,adaptive_satisficing,FALSE,FALSE,reinforce,FALSE,,,,,TRUE,FALSE,FALSE,FALSE,FALSE,,,strategy_weight,non_habitual,TRUE
951,3723,hierarchical_learner,adaptive_satisficing,FALSE,FALSE,reinforce,FALSE,,,,,FALSE,FALSE,TRUE,FALSE,FALSE,,,strategy_weight,non_habitual,TRUE
952,3727,hierarchical_learner,adaptive_satisficing,FALSE,FALSE,reinforce,FALSE,,,,,FALSE,FALSE,FALSE,FALSE,FALSE,,,strategy_weight,non_habitual,TRUE
966,3803,hierarchical_learner,threshold,TRUE,TRUE,lvoc,TRUE,,,,,TRUE,FALSE,TRUE,FALSE,FALSE,,,strategy_weight,non_habitual,TRUE
968,3807,hierarchical_learner,threshold,TRUE,TRUE,lvoc,TRUE,,,,,TRUE,FALSE,FALSE,FALSE,FALSE,,,strategy_weight,non_habitual,TRUE
974,3819,hierarchical_learner,threshold,TRUE,TRUE,lvoc,TRUE,,,,,FALSE,FALSE,TRUE,FALSE,FALSE,,,strategy_weight,non_habitual,TRUE
976,3823,hierarchical_learner,threshold,TRUE,TRUE,lvoc,TRUE,,,,,FALSE,FALSE,FALSE,FALSE,FALSE,,,strategy_weight,non_habitual,TRUE
982,3835,hierarchical_learner,threshold,TRUE,TRUE,lvoc,FALSE,,,,,TRUE,FALSE,TRUE,FALSE,FALSE,,,strategy_weight,non_habitual,TRUE
984,3839,hierarchical_learner,threshold,TRUE,TRUE,lvoc,FALSE,,,,,TRUE,FALSE,FALSE,FALSE,FALSE,,,strategy_weight,non_habitual,TRUE
990,3851,hierarchical_learner,threshold,TRUE,TRUE,lvoc,FALSE,,,,,FALSE,FALSE,TRUE,FALSE,FALSE,,,strategy_weight,non_habitual,TRUE
992,3855,hierarchical_learner,threshold,TRUE,TRUE,lvoc,FALSE,,,,,FALSE,FALSE,FALSE,FALSE,FALSE,,,strategy_weight,non_habitual,TRUE
993,3867,hierarchical_learner,threshold,TRUE,TRUE,reinforce,TRUE,,,,,TRUE,FALSE,TRUE,FALSE,FALSE,,,strategy_weight,non_habitual,TRUE
994,3871,hierarchical_learner,threshold,TRUE,TRUE,reinforce,TRUE,,,,,TRUE,FALSE,FALSE,FALSE,FALSE,,,strategy_weight,non_habitual,TRUE
995,3883,hierarchical_learner,threshold,TRUE,TRUE,reinforce,TRUE,,,,,FALSE,FALSE,TRUE,FALSE,FALSE,,,strategy_weight,non_habitual,TRUE
996,3887,hierarchical_learner,threshold,TRUE,TRUE,reinforce,TRUE,,,,,FALSE,FALSE,FALSE,FALSE,FALSE,,,strategy_weight,non_habitual,TRUE
997,3899,hierarchical_learner,threshold,TRUE,TRUE,reinforce,FALSE,,,,,TRUE,FALSE,TRUE,FALSE,FALSE,,,strategy_weight,non_habitual,TRUE
998,3903,hierarchical_learner,threshold,TRUE,TRUE,reinforce,FALSE,,,,,TRUE,FALSE,FALSE,FALSE,FALSE,,,strategy_weight,non_habitual,TRUE
999,3915,hierarchical_learner,threshold,TRUE,TRUE,reinforce,FALSE,,,,,FALSE,FALSE,TRUE,FALSE,FALSE,,,strategy_weight,non_habitual,TRUE
1000,3919,hierarchical_learner,threshold,TRUE,TRUE,reinforce,FALSE,,,,,FALSE,FALSE,FALSE,FALSE,FALSE,,,strategy_weight,non_habitual,TRUE
1014,3995,hierarchical_learner,threshold,TRUE,FALSE,lvoc,TRUE,,,,,TRUE,FALSE,TRUE,FALSE,FALSE,,,strategy_weight,non_habitual,TRUE
1016,3999,hierarchical_learner,threshold,TRUE,FALSE,lvoc,TRUE,,,,,TRUE,FALSE,FALSE,FALSE,FALSE,,,strategy_weight,non_habitual,TRUE
1022,4011,hierarchical_learner,threshold,TRUE,FALSE,lvoc,TRUE,,,,,FALSE,FALSE,TRUE,FALSE,FALSE,,,strategy_weight,non_habitual,TRUE
1024,4015,hierarchical_learner,threshold,TRUE,FALSE,lvoc,TRUE,,,,,FALSE,FALSE,FALSE,FALSE,FALSE,,,strategy_weight,non_habitual,TRUE
1030,4027,hierarchical_learner,threshold,TRUE,FALSE,lvoc,FALSE,,,,,TRUE,FALSE,TRUE,FALSE,FALSE,,,strategy_weight,non_habitual,TRUE
1032,4031,hierarchical_learner,threshold,TRUE,FALSE,lvoc,FALSE,,,,,TRUE,FALSE,FALSE,FALSE,FALSE,,,strategy_weight,non_habitual,TRUE
1038,4043,hierarchical_learner,threshold,TRUE,FALSE,lvoc,FALSE,,,,,FALSE,FALSE,TRUE,FALSE,FALSE,,,strategy_weight,non_habitual,TRUE
1040,4047,hierarchical_learner,threshold,TRUE,FALSE,lvoc,FALSE,,,,,FALSE,FALSE,FALSE,FALSE,FALSE,,,strategy_weight,non_habitual,TRUE
1041,4059,hierarchical_learner,threshold,TRUE,FALSE,reinforce,TRUE,,,,,TRUE,FALSE,TRUE,FALSE,FALSE,,,strategy_weight,non_habitual,TRUE
1042,4063,hierarchical_learner,threshold,TRUE,FALSE,reinforce,TRUE,,,,,TRUE,FALSE,FALSE,FALSE,FALSE,,,strategy_weight,non_habitual,TRUE
1043,4075,hierarchical_learner,threshold,TRUE,FALSE,reinforce,TRUE,,,,,FALSE,FALSE,TRUE,FALSE,FALSE,,,strategy_weight,non_habitual,TRUE
1044,4079,hierarchical_learner,threshold,TRUE,FALSE,reinforce,TRUE,,,,,FALSE,FALSE,FALSE,FALSE,FALSE,,,strategy_weight,non_habitual,TRUE
1045,4091,hierarchical_learner,threshold,TRUE,FALSE,reinforce,FALSE,,,,,TRUE,FALSE,TRUE,FALSE,FALSE,,,strategy_weight,non_habitual,TRUE
1046,4095,hierarchical_learner,threshold,TRUE,FALSE,reinforce,FALSE,,,,,TRUE,FALSE,FALSE,FALSE,FALSE,,,strategy_weight,non_habitual,TRUE
1047,4107,hierarchical_learner,threshold,TRUE,FALSE,reinforce,FALSE,,,,,FALSE,FALSE,TRUE,FALSE,FALSE,,,strategy_weight,non_habitual,TRUE
1048,4111,hierarchical_learner,threshold,TRUE,FALSE,reinforce,FALSE,,,,,FALSE,FALSE,FALSE,FALSE,FALSE,,,strategy_weight,non_habitual,TRUE
1062,4187,hierarchical_learner,threshold,FALSE,FALSE,lvoc,TRUE,,,,,TRUE,FALSE,TRUE,FALSE,FALSE,,,strategy_weight,non_habitual,TRUE
1064,4191,hierarchical_learner,threshold,FALSE,FALSE,lvoc,TRUE,,,,,TRUE,FALSE,FALSE,FALSE,FALSE,,,strategy_weight,non_habitual,TRUE
1070,4203,hierarchical_learner,threshold,FALSE,FALSE,lvoc,TRUE,,,,,FALSE,FALSE,TRUE,FALSE,FALSE,,,strategy_weight,non_habitual,TRUE
1072,4207,hierarchical_learner,threshold,FALSE,FALSE,lvoc,TRUE,,,,,FALSE,FALSE,FALSE,FALSE,FALSE,,,strategy_weight,non_habitual,TRUE
1078,4219,hierarchical_learner,threshold,FALSE,FALSE,lvoc,FALSE,,,,,TRUE,FALSE,TRUE,FALSE,FALSE,,,strategy_weight,non_habitual,TRUE
1080,4223,hierarchical_learner,threshold,FALSE,FALSE,lvoc,FALSE,,,,,TRUE,FALSE,FALSE,FALSE,FALSE,,,strategy_weight,non_habitual,TRUE
1086,4235,hierarchical_learner,threshold,FALSE,FALSE,lvoc,FALSE,,,,,FALSE,FALSE,TRUE,FALSE,FALSE,,,strategy_weight,non_habitual,TRUE
1088,4239,hierarchical_learner,threshold,FALSE,FALSE,lvoc,FALSE,,,,,FALSE,FALSE,FALSE,FALSE,FALSE,,,strategy_weight,non_habitual,TRUE
1089,4251,hierarchical_learner,threshold,FALSE,FALSE,reinforce,TRUE,,,,,TRUE,FALSE,TRUE,FALSE,FALSE,,,strategy_weight,non_habitual,TRUE
1090,4255,hierarchical_learner,threshold,FALSE,FALSE,reinforce,TRUE,,,,,TRUE,FALSE,FALSE,FALSE,FALSE,,,strategy_weight,non_habitual,TRUE
1091,4267,hierarchical_learner,threshold,FALSE,FALSE,reinforce,TRUE,,,,,FALSE,FALSE,TRUE,FALSE,FALSE,,,strategy_weight,non_habitual,TRUE
1092,4271,hierarchical_learner,threshold,FALSE,FALSE,reinforce,TRUE,,,,,FALSE,FALSE,FALSE,FALSE,FALSE,,,strategy_weight,non_habitual,TRUE
1093,4283,hierarchical_learner,threshold,FALSE,FALSE,reinforce,FALSE,,,,,TRUE,FALSE,TRUE,FALSE,FALSE,,,strategy_weight,non_habitual,TRUE
1094,4287,hierarchical_learner,threshold,FALSE,FALSE,reinforce,FALSE,,,,,TRUE,FALSE,FALSE,FALSE,FALSE,,,strategy_weight,non_habitual,TRUE
1095,4299,hierarchical_learner,threshold,FALSE,FALSE,reinforce,FALSE,,,,,FALSE,FALSE,TRUE,FALSE,FALSE,,,strategy_weight,non_habitual,TRUE
1096,4303,hierarchical_learner,threshold,FALSE,FALSE,reinforce,FALSE,,,,,FALSE,FALSE,FALSE,FALSE,FALSE,,,strategy_weight,non_habitual,TRUE
1110,4379,hierarchical_learner,confidence_bound,TRUE,TRUE,lvoc,TRUE,,,,,TRUE,FALSE,TRUE,FALSE,FALSE,,,strategy_weight,non_habitual,TRUE
1112,4383,hierarchical_learner,confidence_bound,TRUE,TRUE,lvoc,TRUE,,,,,TRUE,FALSE,FALSE,FALSE,FALSE,,,strategy_weight,non_habitual,TRUE
1118,4395,hierarchical_learner,confidence_bound,TRUE,TRUE,lvoc,TRUE,,,,,FALSE,FALSE,TRUE,FALSE,FALSE,,,strategy_weight,non_habitual,TRUE
1120,4399,hierarchical_learner,confidence_bound,TRUE,TRUE,lvoc,TRUE,,,,,FALSE,FALSE,FALSE,FALSE,FALSE,,,strategy_weight,non_habitual,TRUE
1126,4411,hierarchical_learner,confidence_bound,TRUE,TRUE,lvoc,FALSE,,,,,TRUE,FALSE,TRUE,FALSE,FALSE,,,strategy_weight,non_habitual,TRUE
1128,4415,hierarchical_learner,confidence_bound,TRUE,TRUE,lvoc,FALSE,,,,,TRUE,FALSE,FALSE,FALSE,FALSE,,,strategy_weight,non_habitual,TRUE
1134,4427,hierarchical_learner,confidence_bound,TRUE,TRUE,lvoc,FALSE,,,,,FALSE,FALSE,TRUE,FALSE,FALSE,,,strategy_weight,non_habitual,TRUE
1136,4431,hierarchical_learner,confidence_bound,TRUE,TRUE,lvoc,FALSE,,,,,FALSE,FALSE,FALSE,FALSE,FALSE,,,strategy_weight,non_habitual,TRUE
1137,4443,hierarchical_learner,confidence_bound,TRUE,TRUE,reinforce,TRUE,,,,,TRUE,FALSE,TRUE,FALSE,FALSE,,,strategy_weight,non_habitual,TRUE
1138,4447,hierarchical_learner,confidence_bound,TRUE,TRUE,reinforce,TRUE,,,,,TRUE,FALSE,FALSE,FALSE,FALSE,,,strategy_weight,non_habitual,TRUE
1139,4459,hierarchical_learner,confidence_bound,TRUE,TRUE,reinforce,TRUE,,,,,FALSE,FALSE,TRUE,FALSE,FALSE,,,strategy_weight,non_habitual,TRUE
1140,4463,hierarchical_learner,confidence_bound,TRUE,TRUE,reinforce,TRUE,,,,,FALSE,FALSE,FALSE,FALSE,FALSE,,,strategy_weight,non_habitual,TRUE
1141,4475,hierarchical_learner,confidence_bound,TRUE,TRUE,reinforce,FALSE,,,,,TRUE,FALSE,TRUE,FALSE,FALSE,,,strategy_weight,non_habitual,TRUE
1142,4479,hierarchical_learner,confidence_bound,TRUE,TRUE,reinforce,FALSE,,,,,TRUE,FALSE,FALSE,FALSE,FALSE,,,strategy_weight,non_habitual,TRUE
1143,4491,hierarchical_learner,confidence_bound,TRUE,TRUE,reinforce,FALSE,,,,,FALSE,FALSE,TRUE,FALSE,FALSE,,,strategy_weight,non_habitual,TRUE
1144,4495,hierarchical_learner,confidence_bound,TRUE,TRUE,reinforce,FALSE,,,,,FALSE,FALSE,FALSE,FALSE,FALSE,,,strategy_weight,non_habitual,TRUE
1158,4571,hierarchical_learner,confidence_bound,TRUE,FALSE,lvoc,TRUE,,,,,TRUE,FALSE,TRUE,FALSE,FALSE,,,strategy_weight,non_habitual,TRUE
1160,4575,hierarchical_learner,confidence_bound,TRUE,FALSE,lvoc,TRUE,,,,,TRUE,FALSE,FALSE,FALSE,FALSE,,,strategy_weight,non_habitual,TRUE
1166,4587,hierarchical_learner,confidence_bound,TRUE,FALSE,lvoc,TRUE,,,,,FALSE,FALSE,TRUE,FALSE,FALSE,,,strategy_weight,non_habitual,TRUE
1168,4591,hierarchical_learner,confidence_bound,TRUE,FALSE,lvoc,TRUE,,,,,FALSE,FALSE,FALSE,FALSE,FALSE,,,strategy_weight,non_habitual,TRUE
1174,4603,hierarchical_learner,confidence_bound,TRUE,FALSE,lvoc,FALSE,,,,,TRUE,FALSE,TRUE,FALSE,FALSE,,,strategy_weight,non_habitual,TRUE
1176,4607,hierarchical_learner,confidence_bound,TRUE,FALSE,lvoc,FALSE,,,,,TRUE,FALSE,FALSE,FALSE,FALSE,,,strategy_weight,non_habitual,TRUE
1182,4619,hierarchical_learner,confidence_bound,TRUE,FALSE,lvoc,FALSE,,,,,FALSE,FALSE,TRUE,FALSE,FALSE,,,strategy_weight,non_habitual,TRUE
1184,4623,hierarchical_learner,confidence_bound,TRUE,FALSE,lvoc,FALSE,,,,,FALSE,FALSE,FALSE,FALSE,FALSE,,,strategy_weight,non_habitual,TRUE
1185,4635,hierarchical_learner,confidence_bound,TRUE,FALSE,reinforce,TRUE,,,,,TRUE,FALSE,TRUE,FALSE,FALSE,,,strategy_weight,non_habitual,TRUE
1186,4639,hierarchical_learner,confidence_bound,TRUE,FALSE,reinforce,TRUE,,,,,TRUE,FALSE,FALSE,FALSE,FALSE,,,strategy_weight,non_habitual,TRUE
1187,4651,hierarchical_learner,confidence_bound,TRUE,FALSE,reinforce,TRUE,,,,,FALSE,FALSE,TRUE,FALSE,FALSE,,,strategy_weight,non_habitual,TRUE
1188,4655,hierarchical_learner,confidence_bound,TRUE,FALSE,reinforce,TRUE,,,,,FALSE,FALSE,FALSE,FALSE,FALSE,,,strategy_weight,non_habitual,TRUE
1189,4667,hierarchical_learner,confidence_bound,TRUE,FALSE,reinforce,FALSE,,,,,TRUE,FALSE,TRUE,FALSE,FALSE,,,strategy_weight,non_habitual,TRUE
1190,4671,hierarchical_learner,confidence_bound,TRUE,FALSE,reinforce,FALSE,,,,,TRUE,FALSE,FALSE,FALSE,FALSE,,,strategy_weight,non_habitual,TRUE
1191,4683,hierarchical_learner,confidence_bound,TRUE,FALSE,reinforce,FALSE,,,,,FALSE,FALSE,TRUE,FALSE,FALSE,,,strategy_weight,non_habitual,TRUE
1192,4687,hierarchical_learner,confidence_bound,TRUE,FALSE,reinforce,FALSE,,,,,FALSE,FALSE,FALSE,FALSE,FALSE,,,strategy_weight,non_habitual,TRUE
1206,4763,hierarchical_learner,confidence_bound,FALSE,FALSE,lvoc,TRUE,,,,,TRUE,FALSE,TRUE,FALSE,FALSE,,,strategy_weight,non_habitual,TRUE
1208,4767,hierarchical_learner,confidence_bound,FALSE,FALSE,lvoc,TRUE,,,,,TRUE,FALSE,FALSE,FALSE,FALSE,,,strategy_weight,non_habitual,TRUE
1214,4779,hierarchical_learner,confidence_bound,FALSE,FALSE,lvoc,TRUE,,,,,FALSE,FALSE,TRUE,FALSE,FALSE,,,strategy_weight,non_habitual,TRUE
1216,4783,hierarchical_learner,confidence_bound,FALSE,FALSE,lvoc,TRUE,,,,,FALSE,FALSE,FALSE,FALSE,FALSE,,,strategy_weight,non_habitual,TRUE
1222,4795,hierarchical_learner,confidence_bound,FALSE,FALSE,lvoc,FALSE,,,,,TRUE,FALSE,TRUE,FALSE,FALSE,,,strategy_weight,non_habitual,TRUE
1224,4799,hierarchical_learner,confidence_bound,FALSE,FALSE,lvoc,FALSE,,,,,TRUE,FALSE,FALSE,FALSE,FALSE,,,strategy_weight,non_habitual,TRUE
1230,4811,hierarchical_learner,confidence_bound,FALSE,FALSE,lvoc,FALSE,,,,,FALSE,FALSE,TRUE,FALSE,FALSE,,,strategy_weight,non_habitual,TRUE
1232,4815,hierarchical_learner,confidence_bound,FALSE,FALSE,lvoc,FALSE,,,,,FALSE,FALSE,FALSE,FALSE,FALSE,,,strategy_weight,non_habitual,TRUE
1233,4827,hierarchical_learner,confidence_bound,FALSE,FALSE,reinforce,TRUE,,,,,TRUE,FALSE,TRUE,FALSE,FALSE,,,strategy_weight,non_habitual,TRUE
1234,4831,hierarchical_learner,confidence_bound,FALSE,FALSE,reinforce,TRUE,,,,,TRUE,FALSE,FALSE,FALSE,FALSE,,,strategy_weight,non_habitual,TRUE
1235,4843,hierarchical_learner,confidence_bound,FALSE,FALSE,reinforce,TRUE,,,,,FALSE,FALSE,TRUE,FALSE,FALSE,,,strategy_weight,non_habitual,TRUE
1236,4847,hierarchical_learner,confidence_bound,FALSE,FALSE,reinforce,TRUE,,,,,FALSE,FALSE,FALSE,FALSE,FALSE,,,strategy_weight,non_habitual,TRUE
1237,4859,hierarchical_learner,confidence_bound,FALSE,FALSE,reinforce,FALSE,,,,,TRUE,FALSE,TRUE,FALSE,FALSE,,,strategy_weight,non_habitual,TRUE
1238,4863,hierarchical_learner,confidence_bound,FALSE,FALSE,reinforce,FALSE,,,,,TRUE,FALSE,FALSE,FALSE,FALSE,,,strategy_weight,non_habitual,TRUE
1239,4875,hierarchical_learner,confidence_bound,FALSE,FALSE,reinforce,FALSE,,,,,FALSE,FALSE,TRUE,FALSE,FALSE,,,strategy_weight,non_habitual,TRUE
1240,4879,hierarchical_learner,confidence_bound,FALSE,FALSE,reinforce,FALSE,,,,,FALSE,FALSE,FALSE,FALSE,FALSE,,,strategy_weight,non_habitual,TRUE